[
  [
    {
      "Price": 1329.0,
      "Product": "iPhone 14 Pro 256GB",
      "Website": 0,
      "Timestamp": "2023-01-12T21:00:27.2203349+01:00"
    },
    {
      "Price": 1419.0,
      "Product": "iPhone 14 Pro 256GB",
      "Website": 1,
      "Timestamp": "2023-01-12T21:00:28.9398664+01:00"
    },
    {
      "Price": 1299.0,
      "Product": "iPhone 14 Pro 256GB",
      "Website": 2,
      "Timestamp": "2023-01-12T21:00:31.3445602+01:00"
    },
    {
      "Price": 776.0,
      "Product": "iPhone 13 128GB",
      "Website": 0,
      "Timestamp": "2023-01-12T21:00:32.8864287+01:00"
    },
    {
      "Price": 829.0,
      "Product": "iPhone 13 128GB",
      "Website": 1,
      "Timestamp": "2023-01-12T21:00:34.4400236+01:00"
    },
    {
      "Price": 785.55,
      "Product": "iPhone 13 128GB",
      "Website": 2,
      "Timestamp": "2023-01-12T21:00:36.1254389+01:00"
    }
  ],
  [
    {
      "Price": 1329.0,
      "Product": "iPhone 14 Pro 256GB",
      "Website": 0,
      "Timestamp": "2023-01-12T21:00:56.7517411+01:00"
    },
    {
      "Price": 1419.0,
      "Product": "iPhone 14 Pro 256GB",
      "Website": 1,
      "Timestamp": "2023-01-12T21:00:58.660717+01:00"
    },
    {
      "Price": 1299.0,
      "Product": "iPhone 14 Pro 256GB",
      "Website": 2,
      "Timestamp": "2023-01-12T21:01:00.5056625+01:00"
    },
    {
      "Price": 776.0,
      "Product": "iPhone 13 128GB",
      "Website": 0,
      "Timestamp": "2023-01-12T21:01:02.0958471+01:00"
    },
    {
      "Price": 829.0,
      "Product": "iPhone 13 128GB",
      "Website": 1,
      "Timestamp": "2023-01-12T21:01:03.4963595+01:00"
    },
    {
      "Price": 785.55,
      "Product": "iPhone 13 128GB",
      "Website": 2,
      "Timestamp": "2023-01-12T21:01:05.2748489+01:00"
    }
  ],
  [
    {
      "Price": 1329.0,
      "Product": "iPhone 14 Pro 256GB",
      "Website": 0,
      "Timestamp": "2023-01-12T21:02:28.3241618+01:00"
    },
    {
      "Price": 1419.0,
      "Product": "iPhone 14 Pro 256GB",
      "Website": 1,
      "Timestamp": "2023-01-12T21:02:29.9370174+01:00"
    },
    {
      "Price": 1299.0,
      "Product": "iPhone 14 Pro 256GB",
      "Website": 2,
      "Timestamp": "2023-01-12T21:02:31.6970788+01:00"
    },
    {
      "Price": 776.0,
      "Product": "iPhone 13 128GB",
      "Website": 0,
      "Timestamp": "2023-01-12T21:02:33.4677297+01:00"
    },
    {
      "Price": 829.0,
      "Product": "iPhone 13 128GB",
      "Website": 1,
      "Timestamp": "2023-01-12T21:02:34.8325021+01:00"
    },
    {
      "Price": 785.55,
      "Product": "iPhone 13 128GB",
      "Website": 2,
      "Timestamp": "2023-01-12T21:02:36.5587359+01:00"
    }
  ],
  [
    {
      "Price": 1329.0,
      "Product": "iPhone 14 Pro 256GB",
      "Website": 0,
      "Timestamp": "2023-01-12T21:08:24.8007631+01:00"
    },
    {
      "Price": 1419.0,
      "Product": "iPhone 14 Pro 256GB",
      "Website": 1,
      "Timestamp": "2023-01-12T21:08:26.6379215+01:00"
    },
    {
      "Price": 1299.0,
      "Product": "iPhone 14 Pro 256GB",
      "Website": 2,
      "Timestamp": "2023-01-12T21:08:30.9035453+01:00"
    },
    {
      "Price": 776.0,
      "Product": "iPhone 13 128GB",
      "Website": 0,
      "Timestamp": "2023-01-12T21:08:33.4562494+01:00"
    },
    {
      "Price": 829.0,
      "Product": "iPhone 13 128GB",
      "Website": 1,
      "Timestamp": "2023-01-12T21:08:35.0176264+01:00"
    },
    {
      "Price": 785.55,
      "Product": "iPhone 13 128GB",
      "Website": 2,
      "Timestamp": "2023-01-12T21:08:36.6936497+01:00"
    }
  ],
  [
    {
      "Price": 1329.0,
      "Product": "iPhone 14 Pro 256GB",
      "Website": 0,
      "Timestamp": "2023-01-12T21:11:24.9375904+01:00"
    },
    {
      "Price": 1419.0,
      "Product": "iPhone 14 Pro 256GB",
      "Website": 1,
      "Timestamp": "2023-01-12T21:11:26.7384119+01:00"
    },
    {
      "Price": 1299.0,
      "Product": "iPhone 14 Pro 256GB",
      "Website": 2,
      "Timestamp": "2023-01-12T21:11:28.5065685+01:00"
    },
    {
      "Price": 776.0,
      "Product": "iPhone 13 128GB",
      "Website": 0,
      "Timestamp": "2023-01-12T21:11:30.203521+01:00"
    },
    {
      "Price": 829.0,
      "Product": "iPhone 13 128GB",
      "Website": 1,
      "Timestamp": "2023-01-12T21:11:31.6402477+01:00"
    },
    {
      "Price": 785.55,
      "Product": "iPhone 13 128GB",
      "Website": 2,
      "Timestamp": "2023-01-12T21:11:33.2616468+01:00"
    }
  ]
]
